{
  "basic_metrics": {
    "claude-3-5-sonnet-20240620": {
      "n_trials": 50,
      "accuracy": 0.68,
      "mean_confidence": 3.5,
      "std_confidence": 0.5802884574739972,
      "mean_response_time": 207.66965898513794,
      "accuracy_se": 0.06596969000988256
    }
  },
  "sensitivity_metrics": {
    "claude-3-5-sonnet-20240620": {
      "metacognitive_sensitivity": 0.4595588235294117,
      "correct_confidence_mean": 3.6470588235294117,
      "incorrect_confidence_mean": 3.1875,
      "correct_confidence_std": 0.5970814340265321,
      "incorrect_confidence_std": 0.4031128874149275,
      "cohens_d": 0.8448582039140089,
      "t_statistic": 2.7867516907256658,
      "p_value": 0.00760343271753444,
      "n_correct": 34,
      "n_incorrect": 16
    }
  },
  "calibration_metrics": {
    "claude-3-5-sonnet-20240620": {
      "calibration_slope": 0.3386243386243386,
      "calibration_r2": 1.0,
      "overconfidence": -0.18000000000000005,
      "brier_score": 0.2232,
      "mean_confidence_normalized": 0.5,
      "mean_accuracy": 0.68,
      "n_confidence_levels": 2
    }
  },
  "type2_metrics": {
    "claude-3-5-sonnet-20240620": {
      "type2_auc": 0.7058823529411765,
      "type2_auc_normalized": 0.41176470588235303,
      "n_trials": 50,
      "roc_curve": {
        "fpr": [
          0.0,
          0.0,
          0.1875,
          1.0
        ],
        "tpr": [
          0.0,
          0.058823529411764705,
          0.5882352941176471,
          1.0
        ],
        "thresholds": [
          Infinity,
          5.0,
          4.0,
          3.0
        ]
      }
    }
  },
  "model_comparisons": {
    "error": "Need at least 2 models for comparison"
  },
  "analysis_timestamp": "2025-05-24T23:06:48.559896"
}